				https://www.cbc.ca/news/indigenous/some-indigenous-businesses-are-trying-to-avoid-u-s-markets-amid-trade-war-9.7324885			TAX_FNCACT;BAN				george santos		commodity futures trading commission; white house; new york times		-2.1,3.4,5.5,8.9,0,0,0							120|45||some extracted sentence				
				https://www.wktv.com/news/state/trump-signs-order-renaming-lake-ontario-as-lake-america-in-the-united-states/article_907c3616-eca3-5c27-94b7-4416e069c772.html			TAX_FNCACT;BAN				jeremy adams; john ostrander		parliament of trees; justice league unlimited		-2.1,3.4,5.5,8.9,0,0,0											
				https://www.cbc.ca/news/canada/montreal/day-2-election-campaign-quebec-9.7324592			TAX_FNCACT;BAN				maria hernandez,412; kwame nkrumah,980		european commission,55		-2.1,3.4,5.5,8.9,0,0,0											
				http://global.chinadaily.com.cn/a/202608/28/WS6a918e01e4b06d4aa055b17c.html			TAX_FNCACT;BAN						european commission; nato		-2.1,3.4,5.5,8.9,0,0,0											
				https://thecatholicherald.com/article/why-the-sspx-excommunications-are-more-black-and-white-than-critics-admit			TAX_FNCACT;BAN				kwame nkrumah				-2.1,3.4,5.5,8.9,0,0,0											
				https://www.thestar.com.my/news/nation/2026/08/29/rm3mil-worth-of-sweet-drugs-seized-in-four-raids			TAX_FNCACT;BAN								-2.1,3.4,5.5,8.9,0,0,0											
				https://www.nbcdfw.com/news/local/richardson-high-school-teacher-arrested-alleged-online-solicitation-minor/4069904/			TAX_FNCACT;BAN				ada lovelace		analytical engine company		-2.1,3.4,5.5,8.9,0,0,0	
				https://carrollspaper.com/lifestyles/health/what-she-thought-was-allergies-was-actually-rare-blood-cancer/article_985e80a0-29a0-5c2d-9130-75e3229ea22d.html			TAX_FNCACT;BAN						london		-2.1,3.4,5.5,8.9,0,0,0											
				https://www.cbc.ca/news/indigenous/some-indigenous-businesses-are-trying-to-avoid-u-s-markets-amid-trade-war-9.7324885			TAX_FNCACT;BAN				someone else entirely		a different org		-2.1,3.4,5.5,8.9,0,0,0											
				https://example.org/not-in-the-export			TAX_FNCACT;BAN				ghost person		ghost org		-2.1,3.4,5.5,8.9,0,0,0											
